{
  "mono": {
    "usb-046d_080a_2DE7B460-video-index0": {
      "(640, 480)": {
        "K": [
          [214.62539494017759, 0.0, 324.14159254356645],
          [0.0, 214.0070944677594, 203.76445970841783],
          [0.0, 0.0, 1.0]
        ],
        "D": [
          [-0.03353999588164569],
          [0.06361395930657184],
          [-0.075230064393821],
          [0.05199295800286497]
        ]
      }
    },
    "usb-046d_080a_17E79161-video-index0": {
      "(640, 480)": {
        "K": [
          [214.62539494017759, 0.0, 324.14159254356645],
          [0.0, 214.0070944677594, 203.76445970841783],
          [0.0, 0.0, 1.0]
        ],
        "D": [
          [-0.03353999588164569],
          [0.06361395930657184],
          [-0.075230064393821],
          [0.05199295800286497]
        ]
      }
    }
  },
  "stereo": {
    "['usb-046d_080a_2DE7B460-video-index0', 'usb-046d_080a_17E79161-video-index0']": {
      "(640, 480)": {
        "R_left": [
          [0.8631418686493039, -0.4432419059822954, -0.2419147109329441],
          [0.4432419059822954, 0.8945526422197547, -0.057551568865128265],
          [0.2419147109329441, -0.057551568865128265, 0.9685892264295491]
        ],
        "R_right": [
          [0.8631418686493039, -0.4432419059822954, -0.2419147109329441],
          [0.4432419059822954, 0.8945526422197547, -0.057551568865128265],
          [0.2419147109329441, -0.057551568865128265, 0.9685892264295491]
        ],
        "D_left": [
          [-0.007973921450205283],
          [0.009204818420124238],
          [-0.008420585990966446],
          [0.0034785076555120236]
        ],
        "K_left": [
          [213.7351723201551, 0.0, 323.81173890546904],
          [0.0, 213.6418685832702, 198.56005790420346],
          [0.0, 0.0, 1.0]
        ],
        "D_right": [
          [-0.007973921450206627],
          [0.009204818420128002],
          [-0.008420585990970184],
          [0.0034785076555132375]
        ],
        "P_left": [
          [84.57022613133871, 0.0, 208.2765620029367, 0.0],
          [0.0, 84.57022613133871, 94.61012179301252, 0.0],
          [0.0, 0.0, 1.0, 0.0]
        ],
        "K_right": [
          [213.73517232015513, 0.0, 323.8117389054691],
          [0.0, 213.64186858327022, 198.56005790420343],
          [0.0, 0.0, 1.0]
        ],
        "Q": [
          [1.0, 0.0, 0.0, -208.2765620029367],
          [0.0, 1.0, 0.0, -94.61012179301252],
          [0.0, 0.0, 0.0, 84.57022613133871],
          [0.0, 0.0, 595215969664629.2, -0.0]
        ],
        "R": [
          [1.0, 0.0, 0.0],
          [0.0, 1.0, 0.0],
          [0.0, 0.0, 1.0]
        ],
        "T": [
          [-1.4501322421433615e-15],
          [7.446740823033314e-16],
          [4.064318218297292e-16]
        ],
        "P_right": [
          [84.57022613133871, 0.0, 208.2765620029367, -1.420832612723568e-13],
          [0.0, 84.57022613133871, 94.61012179301252, 0.0],
          [0.0, 0.0, 1.0, 0.0]
        ]
      }
    }
  }
}